{"project":["construct3",null,[[[0,false,true,true,true,false,false,true,false,false,true,false,false,true,false,false,true,true,false,1,"iframe","",null],[1,true,false,false,false,false,false,false,false,false,false,false,false,false,false,false,false,false,false,1,"Browser","",null],[2,true,false,false,false,false,false,false,false,false,false,false,false,false,false,false,false,false,false,1,"Mouse","",null],[3,true,false,false,false,false,false,false,false,false,false,false,false,false,false,false,false,false,false,1,"Touch","",null],[4,true,false,false,false,false,false,false,false,false,false,false,false,false,false,false,false,false,false,1,"Keyboard","",null],[5,true,false,false,false,false,false,false,false,false,false,false,false,false,false,false,false,false,false,1,"gamepad","",null],[6,false,true,true,true,true,true,true,true,false,false,false,false,true,true,false,true,false,false,1,"Text","",null],[7,false,true,true,true,false,false,true,false,false,true,true,true,true,false,false,true,true,false,1,"TextBox","",null],[8,false,true,true,true,false,false,true,false,false,true,true,true,true,false,false,true,true,false,1,"Button","",null],[9,false,true,true,true,true,true,true,true,false,false,false,false,true,true,true,true,false,false,1,"Sprite","",null]],[]],[["CNET3",0,false,[],0,0,null,null,[],false,false,458106887043800,[],null,0,null],["Navegador",1,false,[],0,0,null,null,[],false,false,640655893518197,[],null,1,null,[],3],["Mouse",2,false,[],0,0,null,null,[],false,false,228852710944090,[],null,2,null,[],4],["Toque",3,false,[],0,0,null,null,[],false,false,194502525986567,[],null,3,null,[true],5],["Teclado",4,false,[],0,0,null,null,[],false,false,975474363929919,[],null,4,null,[],6],["Gamepad",5,false,[],0,0,null,null,[],false,false,609501058025656,[],null,5,null,[25],7],["Texto",6,false,[],0,0,null,null,[],false,false,930751427227999,[],null,6,null],["link",7,false,[],0,0,null,null,[],false,false,894477085509641,[],null,7,null],["Botão",8,false,[],0,0,null,null,[],false,false,564356840146840,[],null,8,null],["Texto2",6,false,[],0,0,null,null,[],false,false,167880437142447,[],null,9,null],["Sprite",9,false,[],0,0,null,[["Animation 1",5,false,1,0,false,963245136715306,[["images/shared-0-sheet0.webp",1346,0,0,250,250,false,1,0.5,0.5,[],[],""]]]],[],false,false,965632405685721,[],null,10,null]],[],[["Layout 1",1708,960,false,false,0.5,0.5,"Folha de eventos 1",473566783344124,[["Camada 0",0,569782639305255,true,[255,255,255],false,1,1,1,false,false,1,0,true,[[[1,1,0,623,321,0,0,[1,1,1,1],0,0,0,0,[],null,null,null,["",""]],0,2,[],[],["https://about:blank","",true,"","fullscreen; autoplay; encrypted-media",false,"allow-scripts"],""],[[636,6,0,195,42,0,0,[1,1,1,1],0,0,0,0,[],null,null,null,["",""]],6,8,[],[],["WorkingBrowser (WB)",false,"Arial",12,0,false,false,[0,0,0],0,0,0,0,-1,true,0,false],""],[[1,341,0,310,22,0,0,[1,1,1,1],0,0,0,0,[],null,null,null,["",""]],7,9,[],[],["","","",true,true,false,false,0,true,"",""],""],[[44,328,0,43,13,0,0,[1,1,1,1],0,0,0,0,[],null,null,null,["",""]],8,10,[],[],[0,"OK","",true,true,true,false,"",""],""],[[7,323,0,32,22,0,0,[1,1,1,1],0,0,0,0,[],null,null,null,["",""]],9,11,[],[],["Link:",true,"Arial",12,0,false,false,[0,0,0],0,0,0,0,-1,true,0,false],""],[[72,422,0,74,93,0,0,[1,1,1,1],0.5,0.5,0,0,[],null,null,null,["",""]],10,12,[],[],[true,"Animation 1",0,true],""]],[],0,true,false,false,[]]],[],[]]],[["Folha de eventos 1",[[0,0,false,null,505967222240112,1,[[0,10,null,0,false,false,false,440176007729698,null]],[[0,11,null,516239667787595,0,null,[[1,[0,[1,7,12,true]]]]]]],[0,0,false,null,601575074205039,2,[],[]],[0,0,false,null,852724869586537,3,[[10,13,null,0,false,false,false,831624806340844,null]],[[10,14,null,907431297969915,0,null,[[0,[1,[1,2,15,false]]]]],[10,16,null,829537872353055,0,null,[[0,[1,[1,2,17,false]]]]]]]]]],[],"media/",false,854,480,4,true,"trilinear",false,"1.0.0.0",false,false,4,2,13,false,true,1,true,0.7853981633974483,[],"icons/",[],"regular","uxed2a7rsm5","fonts/",[["Linha do tempo 1",5,0.1,"default","default",[],0,0,1,"",1,1]],"high-performance",[],1772289058158,"vsync","","icons/loading-logo.png",false,4,false,null,[],[{"name":"icons/icon-128.png","size":22267},{"name":"icons/icon-16.png","size":16505},{"name":"icons/icon-256.png","size":28930},{"name":"icons/icon-32.png","size":17541},{"name":"icons/icon-512.png","size":30345},{"name":"icons/icon-64.png","size":19120},{"name":"icons/loading-logo.png","size":19120}],1,10000,false,[["Fluxograma 1",[]]],"auto",46602]}